<?xml version="1.0"?>
<pagescount>
	<html_total>6</html_total>
	<html_done>6</html_done>
	<images>42</images>
	<script>12</script>
	<css>8</css>
	<pdf/>
	<doc/>
	<xls/>
	<ppt/>
	<swf/>
	<mp3/>
	<mp4/>
	<xml/>
	<json/>
	<txt/>
	<autocad/>
	<fonts>12</fonts>
	<scraping_reload>1</scraping_reload>
	<is_pretty_url>false</is_pretty_url>
	<is_ebn>false</is_ebn>
	<email>santhoshamrit@gmail.com</email>
	<theme_name>450636</theme_name>
	<server_url_front_page>https://www6.waybackmachinedownloader.com/wdo/files/demo/preview.colorlib.com_santhoshamrit_gmail.com_sj8hdqv0e7/</server_url_front_page>
	<no_www_url>preview.colorlib.com</no_www_url>
	<hosted_domain/>
	<original_archive_url>https://preview.colorlib.com/theme/directone/</original_archive_url>
	<final_archive_url>https://preview.colorlib.com/theme/directone/</final_archive_url>
	<front_page_code_date/>
	<total_urls_from_api/>
	<max_reached_live>false</max_reached_live>
	<scrape_other_captures>false</scrape_other_captures>
	<total_size>11256</total_size>
</pagescount>
